Year_Month,Purchase_Spend,Planned_Spend,PPV,Purchase_Orders,PPV_Pct
2015-01,159490.55,163809.86,-4319.310000000006,70,-0.026367826698588268
2015-02,120119.39,119891.34,228.05000000000032,72,0.0019021390535796858
2015-03,581242.37,574674.89,6567.479999999997,80,0.011428165932219514
2015-04,819352.6100000001,793769.34,25583.27000000003,77,0.03223010604062892
2015-05,665217.0499999999,653073.4299999999,12143.620000000006,80,0.01859457059828633
2015-06,452444.43999999994,466845.52999999997,-14401.09000000002,77,-0.030847655326163285
2015-07,270899.58,272947.17,-2047.5899999999947,80,-0.007501781388684099
2015-08,647150.4,637537.27,9613.129999999986,80,0.015078538075115179
2015-09,145788.19,145849.29,-61.10000000000448,77,-0.00041892559093022994
2015-10,489089.50999999995,477950.92,11138.589999999984,80,0.0233048824343721
2015-11,394976.82999999996,388057.61,6919.219999999987,78,0.01783039379127235
2015-12,78950.0,77123.58,1826.420000000001,49,0.02368173261666537
