Supplier_ID,Supplier_Name,Purchase_Spend,Planned_Spend,PPV,Purchase_Orders,Quantity,PPV_Pct
SUP008,Supplier H,988042.4199999999,961003.09,27039.33000000004,61,10587,0.028136569259106174
SUP004,Supplier D,930909.21,889721.49,41187.719999999965,91,14482,0.046292823611577556
SUP010,Supplier J,431501.33,424189.44,7311.889999999999,44,6318,0.01723732207949354
SUP003,Supplier C,371570.52999999997,386503.63,-14933.100000000013,106,15402,-0.03863637710207279
SUP002,Supplier B,365157.68,371345.44,-6187.759999999993,108,17651,-0.016663083300551617
SUP006,Supplier F,338849.74,345243.3,-6393.560000000005,93,14142,-0.018518998051519044
SUP001,Supplier A,325844.5,322810.62,3033.880000000004,112,16804,0.009398327725401365
SUP005,Supplier E,288277.69,284894.77999999997,3382.909999999989,90,13926,0.011874243536508424
SUP012,Supplier L,263141.41,257902.73,5238.679999999976,28,3636,0.020312619412752923
SUP011,Supplier K,206698.46,202498.43,4200.029999999999,40,6609,0.020741049696039612
SUP009,Supplier I,180858.29,189364.12,-8505.829999999993,59,8371,-0.04491785455449529
SUP007,Supplier G,133869.66,136053.16,-2183.500000000002,68,10037,-0.016048873837255978
